{
  "assetsByChunkName": {
    "vendors~app-account~app-confirmation~app-order": "chunk.f76807ba46678df43f5f.js",
    "vendors~app-account~app-checkout": "chunk.a4de0714899bcea5c7ad.js",
    "vendors~app-cart~app-checkout": "chunk.65d47ea7c057d3c2a9a8.js",
    "admin": [
      "admin.32686c4ac68fe89af257.js",
      "admin.32686c4ac68fe89af257.js.map"
    ],
    "app-account": "chunk.664c1adee662eecaf30c.js",
    "app-cart": "chunk.84ab3e8a434edac7a4a9.js",
    "app-checkout": "chunk.ee2d3cae3c8ac22182fc.js",
    "app-confirmation": "chunk.fdbe3a6f89a82a93d758.js",
    "app-order": "chunk.314e7850f27952d482b3.js",
    "checkout": [
      "checkout.0e23a844634e877b1c09.js",
      "checkout.0e23a844634e877b1c09.js.map"
    ],
    "storefront": [
      "storefront.a0a2389d435b7a04943b.css",
      "storefront.e79b3d38ff4310674377.js",
      "storefront.a0a2389d435b7a04943b.css.map",
      "storefront.e79b3d38ff4310674377.js.map"
    ],
    "vendors~app-cart": "chunk.abed372952d29927a7b6.js",
    "vendors~app-checkout": "chunk.62518d5ffbefaa1682c5.js"
  }
}