{
  "title": "Sobre a Clique Saúde",
  "meta_title": "Sobre nós",
  "meta_description": "Sobre nós",
  "body": "Buscamos sempre melhor comodidade para nossos clientes, trazendo o melhor serviço, focando em oferecer conveniência e os melhores preços de mercado. Nosso objetivo é ampliar o acesso a diagnósticos de qualidade, por meio de uma plataforma simples e intuitiva.\n\n* **Compre com melhores preços do mercado**\n  Compre pelo site ou diretamente em nossas unidades, sem precisar de um pedido médico.\n* **Beneficio de qualidade laboratorial**\n  Faça exames sem filas ou no conforto de sua casa\n  Fácil assim! É só ir até uma unidade e fazer o seu exame na hora, ou agendar um atendimento domiciliar.\n* **Beneficio de facilidade**\n  Receba resultados confiáveis e fáceis de entender\n  Os resultados saem rapidamente, podem ser consultados online e entendidos facilmente com o laudo comentado.",
  "sections": [
    {
      "type": "page-title",
      "description": "Buscamos sempre melhor comodidade para nossos clientes, trazendo o melhor serviço, focando em oferecer conveniência e os melhores preços de mercado. Nosso objetivo é ampliar o acesso a diagnósticos de qualidade, por meio de uma plataforma simples e intuitiva.",
      "title": "Sobre nós | Clique Saúde"
    }
  ]
}