{
  "meta_title": "",
  "meta_description": "",
  "sections": [
    {
      "type": "banner-slider",
      "autoplay": 9000,
      "slides": [
        {
          "start": "2021-08-02T23:16:49.856Z",
          "end": "2022-08-02T23:16:49.921Z",
          "img": "/img/uploads/desktop_cliquesaudeteste.png",
          "mobile_img": "/img/uploads/mobile-teste.png"
        },
        {
          "start": "2021-10-14T18:22:35.084Z",
          "end": "2030-10-13T19:38:29.802Z",
          "img": "/img/uploads/consultas_desktop-1-.png",
          "mobile_img": "/img/uploads/consulta_mobile.png"
        }
      ]
    },
    {
      "type": "info-bar",
      "enabled": true
    },
    {
      "type": "banners-grid",
      "banners": [
        {
          "img": "/img/uploads/exames_orange.png",
          "link": "https://cliquesaude.netlify.app/exame"
        },
        {
          "img": "/img/uploads/check-ups_orange.png",
          "link": "https://cliquesaude.netlify.app/check-ups"
        },
        {
          "img": "/img/uploads/exames-toxicologicos_orange.png",
          "link": "https://cliquesaude.netlify.app/exame-toxicologico"
        }
      ]
    },
    {
      "type": "responsive-banner",
      "img": "/img/uploads/desktop_diagnostico-bell.png",
      "mobile_img": "/img/uploads/mobile_diagnostico-bell.png"
    },
    {
      "type": "custom-html",
      "html": "<style>\n.teste {\n  color: #0B6666;\n}\n@media screen and (max-width: 768px){\n#coleta {\ntext-align: left;\n}  \n}\n  \n#caixa{\n  display: flex;\n}\n  \n#imagem{\n  width: 100%;\n  margin-right: 10px;\n} \n  \n#coleta{\n  width: 100%;\n  margin-left: 10px;\n  padding-top: 15px;\n} \n  \n#botao_saiba_mais{\n    background-color: #f37f45; \n    border: none;\n    color: white;\n    padding: 15px 32px;\n    text-align: center;\n    text-decoration: none;\n    display: inline-block;\n    font-size: 16px;\n    border-radius: 5px;\n}\n  \n@media screen and (max-width: 768px) {\n  #caixa{\n    display: block;\n  } \n  \n  #coleta{\n    margin-top: 10px;\n  } \n}\n\n</style>\n\n<div id=\"caixa\">\n  <div id=\"imagem\">\n     <img src=\"img/uploads/cuidado-em-casa.png\" alt=\"\" />\n  </div>\n  <div id=\"coleta\">\n    <h2 class=\"teste\">Coleta em Casa</h2>\n    <p>Na Clique Saúde, você pode escolher entre fazer exames nas unidades, no conforto da sua casa, ou na praticidade do seu escritório. É só chamar, que nós vamos até você!</p>\n    <p>Os exames/testes são realizados por profissionais preparados e devidamente paramentados com os Equipamentos de Proteção Individual (EPIs).</p>\n    <p>Possuímos um amplo horário de atendimento(consulte no ato do agendamento).</p>\n    <a href=\"https://cliquesaude.netlify.app/exame\"><button id=\"botao_saiba_mais\">Solicitar Exame em Casa</button></a>\n  <div>\n<div>"
    },
    {
      "type": "custom-html",
      "html": "<style>\n.teste {\n  color: #0B6666;\n  font-size: 22px;\n}\n</style>\n\n  <div id=\"como-funciona\">\n    <center><h2 class=\"teste\">Como a Clique Saúde Funciona?</h2></center>\n  </div>"
    },
    {
      "type": "banners-grid",
      "banners": [
        {
          "img": "/img/uploads/resultados_faceis_de_entender.png"
        },
        {
          "img": "/img/uploads/melhores_precos.png"
        },
        {
          "img": "/img/uploads/faca_no_conforto_casa.png"
        }
      ]
    }
  ]
}